match_id,event_id,period,timestamp_seconds,team_id,player_id,event_type,outcome,start_x,start_y,end_x,end_y,source,is_synthetic
fictional-upload-003,synthetic-event-0000,1,5.000000,home,home-01,pass,complete,0.075270,0.048089,0.204888,0.000000,synthetic_playerpulse,True
fictional-upload-003,synthetic-event-0001,1,10.000000,away,away-02,pressure,observed,0.571413,0.426595,,,synthetic_playerpulse,True
fictional-upload-003,synthetic-event-0002,1,15.000000,home,home-03,tackle,observed,0.170454,0.765185,,,synthetic_playerpulse,True
fictional-upload-003,synthetic-event-0003,1,20.000000,away,away-04,interception,observed,0.362977,0.835448,,,synthetic_playerpulse,True
fictional-upload-003,synthetic-event-0004,1,25.000000,home,home-05,possession_loss,observed,0.400533,0.251337,,,synthetic_playerpulse,True
fictional-upload-003,synthetic-event-0005,1,30.000000,away,away-06,pass,complete,0.446356,0.475081,0.455542,0.526376,synthetic_playerpulse,True
fictional-upload-003,synthetic-event-0006,1,35.000000,home,home-07,pressure,observed,0.303754,0.745038,,,synthetic_playerpulse,True
fictional-upload-003,synthetic-event-0007,1,40.000000,away,away-08,tackle,observed,0.886251,0.428326,,,synthetic_playerpulse,True
fictional-upload-003,synthetic-event-0008,1,45.000000,home,home-09,interception,observed,0.861684,0.813892,,,synthetic_playerpulse,True
fictional-upload-003,synthetic-event-0009,1,50.000000,away,away-10,possession_loss,observed,0.530104,0.153851,,,synthetic_playerpulse,True
fictional-upload-003,synthetic-event-0010,1,55.000000,home,home-01,pass,complete,0.159105,0.332137,0.315948,0.350955,synthetic_playerpulse,True
fictional-upload-003,synthetic-event-0011,2,5.000000,away,away-02,pressure,observed,0.423733,0.657172,,,synthetic_playerpulse,True
fictional-upload-003,synthetic-event-0012,2,10.000000,home,home-03,tackle,observed,0.740837,0.471840,,,synthetic_playerpulse,True
fictional-upload-003,synthetic-event-0013,2,15.000000,away,away-04,interception,observed,0.834445,0.741500,,,synthetic_playerpulse,True
fictional-upload-003,synthetic-event-0014,2,20.000000,home,home-05,possession_loss,observed,0.442604,0.825844,,,synthetic_playerpulse,True
fictional-upload-003,synthetic-event-0015,2,25.000000,away,away-06,pass,complete,0.509424,0.765660,0.591629,0.682022,synthetic_playerpulse,True
fictional-upload-003,synthetic-event-0016,2,30.000000,home,home-07,pressure,observed,0.122682,0.832460,,,synthetic_playerpulse,True
fictional-upload-003,synthetic-event-0017,2,35.000000,away,away-08,tackle,observed,0.185182,0.174453,,,synthetic_playerpulse,True
fictional-upload-003,synthetic-event-0018,2,40.000000,home,home-09,interception,observed,0.139300,0.791372,,,synthetic_playerpulse,True
fictional-upload-003,synthetic-event-0019,2,45.000000,away,away-10,possession_loss,observed,0.657712,0.258167,,,synthetic_playerpulse,True
fictional-upload-003,synthetic-event-0020,2,50.000000,home,home-01,pass,complete,0.150070,0.776840,0.245698,0.803464,synthetic_playerpulse,True
fictional-upload-003,synthetic-event-0021,2,55.000000,away,away-02,pressure,observed,0.313658,0.785264,,,synthetic_playerpulse,True
